N°;Type;Sous-Type;Réf Auto;Des Auto;PU HT;Année;Geographie;Poids
1;Courrier;Affranchissement Courrier 20g France;24COUR1;AFFRANCHISSEMENT COURRIER 20G FRANCE TARIF 2024;1,29;2024;France;20g
2;Courrier;Affranchissement Courrier 100g France;24COUR2;AFFRANCHISSEMENT COURRIER 100G FRANCE TARIF 2024;2,58;2024;France;100g
3;Courrier;Affranchissement Courrier 250g France;24COUR3;AFFRANCHISSEMENT COURRIER 250G FRANCE TARIF 2024;4,3;2024;France;250g
4;Courrier;Affranchissement Courrier 500g France;24COUR4;AFFRANCHISSEMENT COURRIER 500G FRANCE TARIF 2024;6,3;2024;France;500g
5;Courrier;Affranchissement Courrier 1kg France;24COUR5;AFFRANCHISSEMENT COURRIER 1KG FRANCE TARIF 2024;7,7;2024;France;1kg
6;Courrier;Affranchissement Courrier 2kg France;24COUR6;AFFRANCHISSEMENT COURRIER 2KG FRANCE TARIF 2024;9,29;2024;France;2kg
7;Courrier;Affranchissement Courrier 20g Monde;24COUR7;AFFRANCHISSEMENT COURRIER 20G MONDE TARIF 2024;1,96;2024;Monde;20g
8;Courrier;Affranchissement Courrier 100g Monde;24COUR8;AFFRANCHISSEMENT COURRIER 100G MONDE TARIF 2024;4,15;2024;Monde;100g
9;Courrier;Affranchissement Courrier 250g Monde;24COUR9;AFFRANCHISSEMENT COURRIER 250G MONDE TARIF 2024;9,85;2024;Monde;250g
10;Courrier;Affranchissement Courrier 500g Monde;24COUR10;AFFRANCHISSEMENT COURRIER 500G MONDE TARIF 2024;14,55;2024;Monde;500g
11;Courrier;Affranchissement Courrier 2kg Monde;24COUR11;AFFRANCHISSEMENT COURRIER 2KG MONDE TARIF 2024;26,5;2024;Monde;2kg
12;Colis;Affranchissement Colis 250g France;24COLI12;AFFRANCHISSEMENT COLIS 250G FRANCE TARIF 2024;4,99;2024;France;250g
13;Colis;Affranchissement Colis 500g France;24COLI13;AFFRANCHISSEMENT COLIS 500G FRANCE TARIF 2024;6,99;2024;France;500g
14;Colis;Affranchissement Colis 750g France;24COLI14;AFFRANCHISSEMENT COLIS 750G FRANCE TARIF 2024;8,1;2024;France;750g
15;Colis;Affranchissement Colis 1kg France;24COLI15;AFFRANCHISSEMENT COLIS 1KG FRANCE TARIF 2024;8,8;2024;France;1kg
16;Colis;Affranchissement Colis 2kg France;24COLI16;AFFRANCHISSEMENT COLIS 2KG FRANCE TARIF 2024;10,15;2024;France;2kg
17;Colis;Affranchissement Colis 5kg France;24COLI17;AFFRANCHISSEMENT COLIS 5KG FRANCE TARIF 2024;15,6;2024;France;5kg
18;Colis;Affranchissement Colis 10kg France;24COLI18;AFFRANCHISSEMENT COLIS 10KG FRANCE TARIF 2024;22,7;2024;France;10kg
19;Colis;Affranchissement Colis 30kg France;24COLI19;AFFRANCHISSEMENT COLIS 30KG FRANCE TARIF 2024;35,55;2024;France;30kg
21;Colis;Affranchissement Colis 500g Europe;24COLI21;AFFRANCHISSEMENT COLIS 500G EUROPE TARIF 2024;14,25;2024;Europe;500g
23;Colis;Affranchissement Colis 1kg Europe;24COLI23;AFFRANCHISSEMENT COLIS 1KG EUROPE TARIF 2024;17,6;2024;Europe;1kg
24;Colis;Affranchissement Colis 2kg Europe;24COLI24;AFFRANCHISSEMENT COLIS 2KG EUROPE TARIF 2024;19,95;2024;Europe;2kg
25;Colis;Affranchissement Colis 5kg Europe;24COLI25;AFFRANCHISSEMENT COLIS 5KG EUROPE TARIF 2024;25,5;2024;Europe;5kg
26;Colis;Affranchissement Colis 10kg Europe;24COLI26;AFFRANCHISSEMENT COLIS 10KG EUROPE TARIF 2024;42,05;2024;Europe;10kg
27;Colis;Affranchissement Colis 30kg Europe;24COLI27;AFFRANCHISSEMENT COLIS 30KG EUROPE TARIF 2024;80,05;2024;Europe;30kg
29;Colis;Affranchissement Colis 500g Monde_B;24COLI29;AFFRANCHISSEMENT COLIS 500G MONDE_B TARIF 2024;21,4;2024;Monde_B;500g
31;Colis;Affranchissement Colis 1kg Monde_B;24COLI31;AFFRANCHISSEMENT COLIS 1KG MONDE_B TARIF 2024;25,55;2024;Monde_B;1kg
32;Colis;Affranchissement Colis 2kg Monde_B;24COLI32;AFFRANCHISSEMENT COLIS 2KG MONDE_B TARIF 2024;27,95;2024;Monde_B;2kg
33;Colis;Affranchissement Colis 5kg Monde_B;24COLI33;AFFRANCHISSEMENT COLIS 5KG MONDE_B TARIF 2024;35,9;2024;Monde_B;5kg
34;Colis;Affranchissement Colis 10kg Monde_B;24COLI34;AFFRANCHISSEMENT COLIS 10KG MONDE_B TARIF 2024;59,4;2024;Monde_B;10kg
35;Colis;Affranchissement Colis 20kg Monde_B;24COLI35;AFFRANCHISSEMENT COLIS 20KG MONDE_B TARIF 2024;98,55;2024;Monde_B;20kg
36;Recommandé;Affranchissement LR-R1 20g France;24RECO36;AFFRANCHISSEMENT LR-R1 20G FRANCE TARIF 2024;5,36;2024;France;20g
37;Recommandé;Affranchissement LR-R1 50g France;24RECO37;AFFRANCHISSEMENT LR-R1 50G FRANCE TARIF 2024;6,13;2024;France;50g
38;Recommandé;Affranchissement LR-R1 100g France;24RECO38;AFFRANCHISSEMENT LR-R1 100G FRANCE TARIF 2024;6,92;2024;France;100g
39;Recommandé;Affranchissement LR-R1 250g France;24RECO39;AFFRANCHISSEMENT LR-R1 250G FRANCE TARIF 2024;8,46;2024;France;250g
40;Recommandé;Affranchissement LR-R1 500g France;24RECO40;AFFRANCHISSEMENT LR-R1 500G FRANCE TARIF 2024;9,93;2024;France;500g
41;Recommandé;Affranchissement LR-R1 1kg France;24RECO41;AFFRANCHISSEMENT LR-R1 1KG FRANCE TARIF 2024;11,43;2024;France;1kg
42;Recommandé;Affranchissement LR-R1 2kg France;24RECO42;AFFRANCHISSEMENT LR-R1 2KG FRANCE TARIF 2024;13,53;2024;France;2kg
43;Recommandé;Affranchissement LRAR-R1 20g France;24RECO43;AFFRANCHISSEMENT LRAR-R1 20G FRANCE TARIF 2024;6,71;2024;France;20g
44;Recommandé;Affranchissement LRAR-R1 50g France;24RECO44;AFFRANCHISSEMENT LRAR-R1 50G FRANCE TARIF 2024;7,48;2024;France;50g
45;Recommandé;Affranchissement LRAR-R1 100g France;24RECO45;AFFRANCHISSEMENT LRAR-R1 100G FRANCE TARIF 2024;8,27;2024;France;100g
46;Recommandé;Affranchissement LRAR-R1 250g France;24RECO46;AFFRANCHISSEMENT LRAR-R1 250G FRANCE TARIF 2024;9,81;2024;France;250g
47;Recommandé;Affranchissement LRAR-R1 500g France;24RECO47;AFFRANCHISSEMENT LRAR-R1 500G FRANCE TARIF 2024;11,28;2024;France;500g
48;Recommandé;Affranchissement LRAR-R1 1kg France;24RECO48;AFFRANCHISSEMENT LRAR-R1 1KG FRANCE TARIF 2024;12,78;2024;France;1kg
49;Recommandé;Affranchissement LRAR-R1 2kg France;24RECO49;AFFRANCHISSEMENT LRAR-R1 2KG FRANCE TARIF 2024;14,88;2024;France;2kg
50;Recommandé;Affranchissement LR-R2 20g France;24RECO50;AFFRANCHISSEMENT LR-R2 20G FRANCE TARIF 2024;6,4;2024;France;20g
51;Recommandé;Affranchissement LR-R2 50g France;24RECO51;AFFRANCHISSEMENT LR-R2 50G FRANCE TARIF 2024;7,08;2024;France;50g
52;Recommandé;Affranchissement LR-R2 100g France;24RECO52;AFFRANCHISSEMENT LR-R2 100G FRANCE TARIF 2024;7,88;2024;France;100g
53;Recommandé;Affranchissement LR-R2 250g France;24RECO53;AFFRANCHISSEMENT LR-R2 250G FRANCE TARIF 2024;9,42;2024;France;250g
54;Recommandé;Affranchissement LR-R2 500g France;24RECO54;AFFRANCHISSEMENT LR-R2 500G FRANCE TARIF 2024;10,84;2024;France;500g
55;Recommandé;Affranchissement LR-R2 1kg France;24RECO55;AFFRANCHISSEMENT LR-R2 1KG FRANCE TARIF 2024;12,38;2024;France;1kg
56;Recommandé;Affranchissement LR-R2 2kg France;24RECO56;AFFRANCHISSEMENT LR-R2 2KG FRANCE TARIF 2024;14,47;2024;France;2kg
57;Recommandé;Affranchissement LRAR-R2 20g France;24RECO57;AFFRANCHISSEMENT LRAR-R2 20G FRANCE TARIF 2024;7,75;2024;France;20g
58;Recommandé;Affranchissement LRAR-R2 50g France;24RECO58;AFFRANCHISSEMENT LRAR-R2 50G FRANCE TARIF 2024;8,43;2024;France;50g
59;Recommandé;Affranchissement LRAR-R2 100g France;24RECO59;AFFRANCHISSEMENT LRAR-R2 100G FRANCE TARIF 2024;9,23;2024;France;100g
60;Recommandé;Affranchissement LRAR-R2 250g France;24RECO60;AFFRANCHISSEMENT LRAR-R2 250G FRANCE TARIF 2024;10,77;2024;France;250g
61;Recommandé;Affranchissement LRAR-R2 500g France;24RECO61;AFFRANCHISSEMENT LRAR-R2 500G FRANCE TARIF 2024;12,19;2024;France;500g
62;Recommandé;Affranchissement LRAR-R2 1kg France;24RECO62;AFFRANCHISSEMENT LRAR-R2 1KG FRANCE TARIF 2024;13,73;2024;France;1kg
63;Recommandé;Affranchissement LRAR-R2 2kg France;24RECO63;AFFRANCHISSEMENT LRAR-R2 2KG FRANCE TARIF 2024;15,82;2024;France;2kg
64;Recommandé;Affranchissement LR-R3 20g France;24RECO64;AFFRANCHISSEMENT LR-R3 20G FRANCE TARIF 2024;7,88;2024;France;20g
65;Recommandé;Affranchissement LR-R3 50g France;24RECO65;AFFRANCHISSEMENT LR-R3 50G FRANCE TARIF 2024;8,49;2024;France;50g
66;Recommandé;Affranchissement LR-R3 100g France;24RECO66;AFFRANCHISSEMENT LR-R3 100G FRANCE TARIF 2024;9,25;2024;France;100g
67;Recommandé;Affranchissement LR-R3 250g France;24RECO67;AFFRANCHISSEMENT LR-R3 250G FRANCE TARIF 2024;10,91;2024;France;250g
68;Recommandé;Affranchissement LR-R3 500g France;24RECO68;AFFRANCHISSEMENT LR-R3 500G FRANCE TARIF 2024;12,21;2024;France;500g
69;Recommandé;Affranchissement LR-R3 1kg France;24RECO69;AFFRANCHISSEMENT LR-R3 1KG FRANCE TARIF 2024;13,74;2024;France;1kg
70;Recommandé;Affranchissement LR-R3 2kg France;24RECO70;AFFRANCHISSEMENT LR-R3 2KG FRANCE TARIF 2024;15,96;2024;France;2kg
71;Recommandé;Affranchissement LRAR-R3 20g France;24RECO71;AFFRANCHISSEMENT LRAR-R3 20G FRANCE TARIF 2024;9,23;2024;France;20g
72;Recommandé;Affranchissement LRAR-R3 50g France;24RECO72;AFFRANCHISSEMENT LRAR-R3 50G FRANCE TARIF 2024;9,84;2024;France;50g
73;Recommandé;Affranchissement LRAR-R3 100g France;24RECO73;AFFRANCHISSEMENT LRAR-R3 100G FRANCE TARIF 2024;10,6;2024;France;100g
74;Recommandé;Affranchissement LRAR-R3 250g France;24RECO74;AFFRANCHISSEMENT LRAR-R3 250G FRANCE TARIF 2024;12,26;2024;France;250g
75;Recommandé;Affranchissement LRAR-R3 500g France;24RECO75;AFFRANCHISSEMENT LRAR-R3 500G FRANCE TARIF 2024;13,56;2024;France;500g
76;Recommandé;Affranchissement LRAR-R3 1kg France;24RECO76;AFFRANCHISSEMENT LRAR-R3 1KG FRANCE TARIF 2024;15,09;2024;France;1kg
77;Recommandé;Affranchissement LRAR-R3 2kg France;24RECO77;AFFRANCHISSEMENT LRAR-R3 2KG FRANCE TARIF 2024;17,31;2024;France;2kg
78;Recommandé;Affranchissement LR-R1 20g Monde;24RECO78;AFFRANCHISSEMENT LR-R1 20G MONDE TARIF 2024;6,91;2024;Monde;20g
79;Recommandé;Affranchissement LR-R1 100g Monde;24RECO79;AFFRANCHISSEMENT LR-R1 100G MONDE TARIF 2024;9,1;2024;Monde;100g
80;Recommandé;Affranchissement LR-R1 250g Monde;24RECO80;AFFRANCHISSEMENT LR-R1 250G MONDE TARIF 2024;14,8;2024;Monde;250g
81;Recommandé;Affranchissement LR-R1 500g Monde;24RECO81;AFFRANCHISSEMENT LR-R1 500G MONDE TARIF 2024;19,5;2024;Monde;500g
82;Recommandé;Affranchissement LR-R1 2kg Monde;24RECO82;AFFRANCHISSEMENT LR-R1 2KG MONDE TARIF 2024;31,45;2024;Monde;2kg
83;Recommandé;Affranchissement LRAR-R1 20g Monde;24RECO83;AFFRANCHISSEMENT LRAR-R1 20G MONDE TARIF 2024;8,41;2024;Monde;20g
84;Recommandé;Affranchissement LRAR-R1 100g Monde;24RECO84;AFFRANCHISSEMENT LRAR-R1 100G MONDE TARIF 2024;10,6;2024;Monde;100g
85;Recommandé;Affranchissement LRAR-R1 250g Monde;24RECO85;AFFRANCHISSEMENT LRAR-R1 250G MONDE TARIF 2024;16,3;2024;Monde;250g
86;Recommandé;Affranchissement LRAR-R1 500g Monde;24RECO86;AFFRANCHISSEMENT LRAR-R1 500G MONDE TARIF 2024;21;2024;Monde;500g
87;Recommandé;Affranchissement LRAR-R1 2kg Monde;24RECO87;AFFRANCHISSEMENT LRAR-R1 2KG MONDE TARIF 2024;32,95;2024;Monde;2kg
88;Recommandé;Affranchissement LR-R2 20g Monde;24RECO88;AFFRANCHISSEMENT LR-R2 20G MONDE TARIF 2024;7,91;2024;Monde;20g
89;Recommandé;Affranchissement LR-R2 100g Monde;24RECO89;AFFRANCHISSEMENT LR-R2 100G MONDE TARIF 2024;10,1;2024;Monde;100g
90;Recommandé;Affranchissement LR-R2 250g Monde;24RECO90;AFFRANCHISSEMENT LR-R2 250G MONDE TARIF 2024;15,8;2024;Monde;250g
91;Recommandé;Affranchissement LR-R2 500g Monde;24RECO91;AFFRANCHISSEMENT LR-R2 500G MONDE TARIF 2024;20,5;2024;Monde;500g
92;Recommandé;Affranchissement LR-R2 2kg Monde;24RECO92;AFFRANCHISSEMENT LR-R2 2KG MONDE TARIF 2024;32,45;2024;Monde;2kg
93;Recommandé;Affranchissement LRAR-R2 20g Monde;24RECO93;AFFRANCHISSEMENT LRAR-R2 20G MONDE TARIF 2024;9,41;2024;Monde;20g
94;Recommandé;Affranchissement LRAR-R2 100g Monde;24RECO94;AFFRANCHISSEMENT LRAR-R2 100G MONDE TARIF 2024;11,6;2024;Monde;100g
95;Recommandé;Affranchissement LRAR-R2 250g Monde;24RECO95;AFFRANCHISSEMENT LRAR-R2 250G MONDE TARIF 2024;17,3;2024;Monde;250g
96;Recommandé;Affranchissement LRAR-R2 500g Monde;24RECO96;AFFRANCHISSEMENT LRAR-R2 500G MONDE TARIF 2024;22;2024;Monde;500g
97;Recommandé;Affranchissement LRAR-R2 2kg Monde;24RECO97;AFFRANCHISSEMENT LRAR-R2 2KG MONDE TARIF 2024;33,95;2024;Monde;2kg
98;Timbres;Affranchissement Timbres-Divers / /;24TIMB98;AFFRANCHISSEMENT TIMBRES-DIVERS / / TARIF 2024;0;2024;/;/
99;Colis;Affranchissement Colis 15kg France;24COLI99;AFFRANCHISSEMENT COLIS 15KG FRANCE TARIF 2024;28,7;2024;France;15kg
100;Colis;Affranchissement Colis 15kg Europe;24COLI100;AFFRANCHISSEMENT COLIS 15KG EUROPE TARIF 2024;61,8;2024;Europe;15kg
101;Colis;Affranchissement Colis 15kg Monde;24COLI101;AFFRANCHISSEMENT COLIS 15KG MONDE TARIF 2024;190,15;2024;Monde;15kg
102;Colis;Affranchissement Colis 500g Monde_C;24COLI102;AFFRANCHISSEMENT COLIS 500G MONDE_C TARIF 2024;31,6;2024;Monde_C;500g
103;Colis;Affranchissement Colis 1kg Monde_C;24COLI103;AFFRANCHISSEMENT COLIS 1KG MONDE_C TARIF 2024;35,15;2024;Monde_C;1kg
104;Colis;Affranchissement Colis 2kg Monde_C;24COLI104;AFFRANCHISSEMENT COLIS 2KG MONDE_C TARIF 2024;48,5;2024;Monde_C;2kg
105;Colis;Affranchissement Colis 5kg Monde_C;24COLI105;AFFRANCHISSEMENT COLIS 5KG MONDE_C TARIF 2024;70,8;2024;Monde_C;5kg
106;Colis;Affranchissement Colis 10kg Monde_C;24COLI106;AFFRANCHISSEMENT COLIS 10KG MONDE_C TARIF 2024;133,8;2024;Monde_C;10kg
107;Colis;Affranchissement Colis 15kg Monde_C;24COLI107;AFFRANCHISSEMENT COLIS 15KG MONDE_C TARIF 2024;190,15;2024;Monde_C;15kg
108;Colis;Affranchissement Colis 20kg Monde_C;24COLI108;AFFRANCHISSEMENT COLIS 20KG MONDE_C TARIF 2024;231,8;2024;Monde_C;20kg
109;Courrier;Affranchissement Courrier 20g France;25COUR109;AFFRANCHISSEMENT COURRIER 20G FRANCE TARIF 2025;1,39;2025;France;20g
110;Courrier;Affranchissement Courrier 100g France;25COUR110;AFFRANCHISSEMENT COURRIER 100G FRANCE TARIF 2025;2,78;2025;France;100g
111;Courrier;Affranchissement Courrier 250g France;25COUR111;AFFRANCHISSEMENT COURRIER 250G FRANCE TARIF 2025;4,72;2025;France;250g
112;Courrier;Affranchissement Courrier 500g France;25COUR112;AFFRANCHISSEMENT COURRIER 500G FRANCE TARIF 2025;6,7;2025;France;500g
113;Courrier;Affranchissement Courrier 1kg France;25COUR113;AFFRANCHISSEMENT COURRIER 1KG FRANCE TARIF 2025;8,4;2025;France;1kg
114;Courrier;Affranchissement Courrier 2kg France;25COUR114;AFFRANCHISSEMENT COURRIER 2KG FRANCE TARIF 2025;10,25;2025;France;2kg
115;Recommandé;Affranchissement LR-R1 20g France;25RECO115;AFFRANCHISSEMENT LR-R1 20G FRANCE TARIF 2025;5,74;2025;France;20g
116;Recommandé;Affranchissement LR-R1 50g France;25RECO116;AFFRANCHISSEMENT LR-R1 50G FRANCE TARIF 2025;6,56;2025;France;50g
117;Recommandé;Affranchissement LR-R1 100g France;25RECO117;AFFRANCHISSEMENT LR-R1 100G FRANCE TARIF 2025;7,4;2025;France;100g
118;Recommandé;Affranchissement LR-R1 250g France;25RECO118;AFFRANCHISSEMENT LR-R1 250G FRANCE TARIF 2025;9,05;2025;France;250g
119;Recommandé;Affranchissement LR-R1 500g France;25RECO119;AFFRANCHISSEMENT LR-R1 500G FRANCE TARIF 2025;10,63;2025;France;500g
120;Recommandé;Affranchissement LR-R1 1kg France;25RECO120;AFFRANCHISSEMENT LR-R1 1KG FRANCE TARIF 2025;12,23;2025;France;1kg
121;Recommandé;Affranchissement LR-R1 2kg France;25RECO121;AFFRANCHISSEMENT LR-R1 2KG FRANCE TARIF 2025;14,48;2025;France;2kg
122;Recommandé;Affranchissement LRAR-R1 20g France;25RECO122;AFFRANCHISSEMENT LRAR-R1 20G FRANCE TARIF 2025;7,14;2025;France;20g
123;Recommandé;Affranchissement LRAR-R1 50g France;25RECO123;AFFRANCHISSEMENT LRAR-R1 50G FRANCE TARIF 2025;7,96;2025;France;50g
124;Recommandé;Affranchissement LRAR-R1 100g France;25RECO124;AFFRANCHISSEMENT LRAR-R1 100G FRANCE TARIF 2025;8,8;2025;France;100g
125;Recommandé;Affranchissement LRAR-R1 250g France;25RECO125;AFFRANCHISSEMENT LRAR-R1 250G FRANCE TARIF 2025;10,45;2025;France;250g
126;Recommandé;Affranchissement LRAR-R1 500g France;25RECO126;AFFRANCHISSEMENT LRAR-R1 500G FRANCE TARIF 2025;12,03;2025;France;500g
127;Recommandé;Affranchissement LRAR-R1 1kg France;25RECO127;AFFRANCHISSEMENT LRAR-R1 1KG FRANCE TARIF 2025;13,63;2025;France;1kg
128;Recommandé;Affranchissement LRAR-R1 2kg France;25RECO128;AFFRANCHISSEMENT LRAR-R1 2KG FRANCE TARIF 2025;15,88;2025;France;2kg
129;Recommandé;Affranchissement LR-R2 20g France;25RECO129;AFFRANCHISSEMENT LR-R2 20G FRANCE TARIF 2025;6,85;2025;France;20g
130;Recommandé;Affranchissement LR-R2 50g France;25RECO130;AFFRANCHISSEMENT LR-R2 50G FRANCE TARIF 2025;7,58;2025;France;50g
131;Recommandé;Affranchissement LR-R2 100g France;25RECO131;AFFRANCHISSEMENT LR-R2 100G FRANCE TARIF 2025;8,43;2025;France;100g
132;Recommandé;Affranchissement LR-R2 250g France;25RECO132;AFFRANCHISSEMENT LR-R2 250G FRANCE TARIF 2025;10,08;2025;France;250g
133;Recommandé;Affranchissement LR-R2 500g France;25RECO133;AFFRANCHISSEMENT LR-R2 500G FRANCE TARIF 2025;11,6;2025;France;500g
134;Recommandé;Affranchissement LR-R2 1kg France;25RECO134;AFFRANCHISSEMENT LR-R2 1KG FRANCE TARIF 2025;13,25;2025;France;1kg
135;Recommandé;Affranchissement LR-R2 2kg France;25RECO135;AFFRANCHISSEMENT LR-R2 2KG FRANCE TARIF 2025;15,48;2025;France;2kg
136;Recommandé;Affranchissement LRAR-R2 20g France;25RECO136;AFFRANCHISSEMENT LRAR-R2 20G FRANCE TARIF 2025;8,25;2025;France;20g
137;Recommandé;Affranchissement LRAR-R2 50g France;25RECO137;AFFRANCHISSEMENT LRAR-R2 50G FRANCE TARIF 2025;8,98;2025;France;50g
138;Recommandé;Affranchissement LRAR-R2 100g France;25RECO138;AFFRANCHISSEMENT LRAR-R2 100G FRANCE TARIF 2025;9,83;2025;France;100g
139;Recommandé;Affranchissement LRAR-R2 250g France;25RECO139;AFFRANCHISSEMENT LRAR-R2 250G FRANCE TARIF 2025;11,48;2025;France;250g
140;Recommandé;Affranchissement LRAR-R2 500g France;25RECO140;AFFRANCHISSEMENT LRAR-R2 500G FRANCE TARIF 2025;13;2025;France;500g
141;Recommandé;Affranchissement LRAR-R2 1kg France;25RECO141;AFFRANCHISSEMENT LRAR-R2 1KG FRANCE TARIF 2025;14,65;2025;France;1kg
142;Recommandé;Affranchissement LRAR-R2 2kg France;25RECO142;AFFRANCHISSEMENT LRAR-R2 2KG FRANCE TARIF 2025;16,88;2025;France;2kg
143;Recommandé;Affranchissement LR-R3 20g France;25RECO143;AFFRANCHISSEMENT LR-R3 20G FRANCE TARIF 2025;8,43;2025;France;20g
144;Recommandé;Affranchissement LR-R3 50g France;25RECO144;AFFRANCHISSEMENT LR-R3 50G FRANCE TARIF 2025;9,08;2025;France;50g
145;Recommandé;Affranchissement LR-R3 100g France;25RECO145;AFFRANCHISSEMENT LR-R3 100G FRANCE TARIF 2025;9,9;2025;France;100g
146;Recommandé;Affranchissement LR-R3 250g France;25RECO146;AFFRANCHISSEMENT LR-R3 250G FRANCE TARIF 2025;11,67;2025;France;250g
147;Recommandé;Affranchissement LR-R3 500g France;25RECO147;AFFRANCHISSEMENT LR-R3 500G FRANCE TARIF 2025;13,06;2025;France;500g
148;Recommandé;Affranchissement LR-R3 1kg France;25RECO148;AFFRANCHISSEMENT LR-R3 1KG FRANCE TARIF 2025;14,7;2025;France;1kg
149;Recommandé;Affranchissement LR-R3 2kg France;25RECO149;AFFRANCHISSEMENT LR-R3 2KG FRANCE TARIF 2025;17,08;2025;France;2kg
150;Recommandé;Affranchissement LRAR-R3 20g France;25RECO150;AFFRANCHISSEMENT LRAR-R3 20G FRANCE TARIF 2025;9,83;2025;France;20g
151;Recommandé;Affranchissement LRAR-R3 50g France;25RECO151;AFFRANCHISSEMENT LRAR-R3 50G FRANCE TARIF 2025;10,48;2025;France;50g
152;Recommandé;Affranchissement LRAR-R3 100g France;25RECO152;AFFRANCHISSEMENT LRAR-R3 100G FRANCE TARIF 2025;11,3;2025;France;100g
153;Recommandé;Affranchissement LRAR-R3 250g France;25RECO153;AFFRANCHISSEMENT LRAR-R3 250G FRANCE TARIF 2025;13,07;2025;France;250g
154;Recommandé;Affranchissement LRAR-R3 500g France;25RECO154;AFFRANCHISSEMENT LRAR-R3 500G FRANCE TARIF 2025;14,46;2025;France;500g
155;Recommandé;Affranchissement LRAR-R3 1kg France;25RECO155;AFFRANCHISSEMENT LRAR-R3 1KG FRANCE TARIF 2025;16,1;2025;France;1kg
156;Recommandé;Affranchissement LRAR-R3 2kg France;25RECO156;AFFRANCHISSEMENT LRAR-R3 2KG FRANCE TARIF 2025;18,48;2025;France;2kg
157;Recommandé;Affranchissement LR-R1 20g Monde;25RECO157;AFFRANCHISSEMENT LR-R1 20G MONDE TARIF 2025;7,05;2025;Monde;20g
158;Recommandé;Affranchissement LR-R1 50g Monde;25RECO158;AFFRANCHISSEMENT LR-R1 50G MONDE TARIF 2025;9,45;2025;Monde;50g
159;Recommandé;Affranchissement LR-R1 100g Monde;25RECO159;AFFRANCHISSEMENT LR-R1 100G MONDE TARIF 2025;9,45;2025;Monde;100g
160;Recommandé;Affranchissement LR-R1 250g Monde;25RECO160;AFFRANCHISSEMENT LR-R1 250G MONDE TARIF 2025;15,75;2025;Monde;250g
161;Recommandé;Affranchissement LR-R1 500g Monde;25RECO161;AFFRANCHISSEMENT LR-R1 500G MONDE TARIF 2025;20,45;2025;Monde;500g
162;Recommandé;Affranchissement LR-R1 1kg Monde;25RECO162;AFFRANCHISSEMENT LR-R1 1KG MONDE TARIF 2025;34,45;2025;Monde;1kg
163;Recommandé;Affranchissement LR-R1 2kg Monde;25RECO163;AFFRANCHISSEMENT LR-R1 2KG MONDE TARIF 2025;34,45;2025;Monde;2kg
164;Recommandé;Affranchissement LRAR-R1 20g Monde;25RECO164;AFFRANCHISSEMENT LRAR-R1 20G MONDE TARIF 2025;8,55;2025;Monde;20g
165;Recommandé;Affranchissement LRAR-R1 100g Monde;25RECO165;AFFRANCHISSEMENT LRAR-R1 100G MONDE TARIF 2025;10,95;2025;Monde;100g
166;Recommandé;Affranchissement LRAR-R1 250g Monde;25RECO166;AFFRANCHISSEMENT LRAR-R1 250G MONDE TARIF 2025;17,25;2025;Monde;250g
167;Recommandé;Affranchissement LRAR-R1 500g Monde;25RECO167;AFFRANCHISSEMENT LRAR-R1 500G MONDE TARIF 2025;21,95;2025;Monde;500g
168;Recommandé;Affranchissement LRAR-R1 2kg Monde;25RECO168;AFFRANCHISSEMENT LRAR-R1 2KG MONDE TARIF 2025;35,95;2025;Monde;2kg
169;Recommandé;Affranchissement LR-R2 20g Monde;25RECO169;AFFRANCHISSEMENT LR-R2 20G MONDE TARIF 2025;8,05;2025;Monde;20g
170;Recommandé;Affranchissement LR-R2 100g Monde;25RECO170;AFFRANCHISSEMENT LR-R2 100G MONDE TARIF 2025;10,45;2025;Monde;100g
171;Recommandé;Affranchissement LR-R2 250g Monde;25RECO171;AFFRANCHISSEMENT LR-R2 250G MONDE TARIF 2025;16,75;2025;Monde;250g
172;Recommandé;Affranchissement LR-R2 500g Monde;25RECO172;AFFRANCHISSEMENT LR-R2 500G MONDE TARIF 2025;21,45;2025;Monde;500g
173;Recommandé;Affranchissement LR-R2 2kg Monde;25RECO173;AFFRANCHISSEMENT LR-R2 2KG MONDE TARIF 2025;35,45;2025;Monde;2kg
174;Recommandé;Affranchissement LRAR-R2 20g Monde;25RECO174;AFFRANCHISSEMENT LRAR-R2 20G MONDE TARIF 2025;9,55;2025;Monde;20g
175;Recommandé;Affranchissement LRAR-R2 100g Monde;25RECO175;AFFRANCHISSEMENT LRAR-R2 100G MONDE TARIF 2025;11,95;2025;Monde;100g
176;Recommandé;Affranchissement LRAR-R2 250g Monde;25RECO176;AFFRANCHISSEMENT LRAR-R2 250G MONDE TARIF 2025;18,25;2025;Monde;250g
177;Recommandé;Affranchissement LRAR-R2 500g Monde;25RECO177;AFFRANCHISSEMENT LRAR-R2 500G MONDE TARIF 2025;22,95;2025;Monde;500g
178;Recommandé;Affranchissement LRAR-R2 2kg Monde;25RECO178;AFFRANCHISSEMENT LRAR-R2 2KG MONDE TARIF 2025;36,95;2025;Monde;2kg
179;Colis;Affranchissement Colis 250g France;25COLI179;AFFRANCHISSEMENT COLIS 250G FRANCE TARIF 2025;5,25;2025;France;250g
180;Colis;Affranchissement Colis 500g France;25COLI180;AFFRANCHISSEMENT COLIS 500G FRANCE TARIF 2025;7,35;2025;France;500g
181;Colis;Affranchissement Colis 750g France;25COLI181;AFFRANCHISSEMENT COLIS 750G FRANCE TARIF 2025;8,65;2025;France;750g
182;Colis;Affranchissement Colis 1kg France;25COLI182;AFFRANCHISSEMENT COLIS 1KG FRANCE TARIF 2025;9,4;2025;France;1kg
183;Colis;Affranchissement Colis 2kg France;25COLI183;AFFRANCHISSEMENT COLIS 2KG FRANCE TARIF 2025;10,7;2025;France;2kg
184;Colis;Affranchissement Colis 5kg France;25COLI184;AFFRANCHISSEMENT COLIS 5KG FRANCE TARIF 2025;16,6;2025;France;5kg
185;Colis;Affranchissement Colis 10kg France;25COLI185;AFFRANCHISSEMENT COLIS 10KG FRANCE TARIF 2025;24,2;2025;France;10kg
186;Colis;Affranchissement Colis 15kg France;25COLI186;AFFRANCHISSEMENT COLIS 15KG FRANCE TARIF 2025;30,55;2025;France;15kg
187;Colis;Affranchissement Colis 30kg France;25COLI187;AFFRANCHISSEMENT COLIS 30KG FRANCE TARIF 2025;37,85;2025;France;30kg
188;Colis;Affranchissement Colis 500g Europe;25COLI188;AFFRANCHISSEMENT COLIS 500G EUROPE TARIF 2025;14,85;2025;Europe;500g
189;Colis;Affranchissement Colis 1kg Europe;25COLI189;AFFRANCHISSEMENT COLIS 1KG EUROPE TARIF 2025;18,45;2025;Europe;1kg
190;Colis;Affranchissement Colis 2kg Europe;25COLI190;AFFRANCHISSEMENT COLIS 2KG EUROPE TARIF 2025;20,9;2025;Europe;2kg
191;Colis;Affranchissement Colis 5kg Europe;25COLI191;AFFRANCHISSEMENT COLIS 5KG EUROPE TARIF 2025;26,8;2025;Europe;5kg
192;Colis;Affranchissement Colis 10kg Europe;25COLI192;AFFRANCHISSEMENT COLIS 10KG EUROPE TARIF 2025;44,2;2025;Europe;10kg
193;Colis;Affranchissement Colis 15kg Europe;25COLI193;AFFRANCHISSEMENT COLIS 15KG EUROPE TARIF 2025;64,8;2025;Europe;15kg
194;Colis;Affranchissement Colis 30kg Europe;25COLI194;AFFRANCHISSEMENT COLIS 30KG EUROPE TARIF 2025;84;2025;Europe;30kg
195;Colis;Affranchissement Colis 500g Monde_B;25COLI195;AFFRANCHISSEMENT COLIS 500G MONDE_B TARIF 2025;22,7;2025;Monde_B;500g
196;Colis;Affranchissement Colis 1kg Monde_B;25COLI196;AFFRANCHISSEMENT COLIS 1KG MONDE_B TARIF 2025;27,1;2025;Monde_B;1kg
197;Colis;Affranchissement Colis 2kg Monde_B;25COLI197;AFFRANCHISSEMENT COLIS 2KG MONDE_B TARIF 2025;29,65;2025;Monde_B;2kg
198;Colis;Affranchissement Colis 5kg Monde_B;25COLI198;AFFRANCHISSEMENT COLIS 5KG MONDE_B TARIF 2025;38;2025;Monde_B;5kg
199;Colis;Affranchissement Colis 10kg Monde_B;25COLI199;AFFRANCHISSEMENT COLIS 10KG MONDE_B TARIF 2025;63;2025;Monde_B;10kg
200;Colis;Affranchissement Colis 15kg Monde_B;25COLI200;AFFRANCHISSEMENT COLIS 15KG MONDE_B TARIF 2025;85,5;2025;Monde_B;15kg
201;Colis;Affranchissement Colis 20kg Monde_B;25COLI201;AFFRANCHISSEMENT COLIS 20KG MONDE_B TARIF 2025;104,5;2025;Monde_B;20kg
202;Colis;Affranchissement Colis 500g Monde_C;25COLI202;AFFRANCHISSEMENT COLIS 500G MONDE_C TARIF 2025;33,5;2025;Monde_C;500g
203;Colis;Affranchissement Colis 1kg Monde_C;25COLI203;AFFRANCHISSEMENT COLIS 1KG MONDE_C TARIF 2025;37,3;2025;Monde_C;1kg
204;Colis;Affranchissement Colis 5kg Monde_C;25COLI204;AFFRANCHISSEMENT COLIS 5KG MONDE_C TARIF 2025;51,4;2025;Monde_C;5kg
205;Colis;Affranchissement Colis 10kg Monde_C;25COLI205;AFFRANCHISSEMENT COLIS 10KG MONDE_C TARIF 2025;75;2025;Monde_C;10kg
206;Colis;Affranchissement Colis 15kg Monde_C;25COLI206;AFFRANCHISSEMENT COLIS 15KG MONDE_C TARIF 2025;142;2025;Monde_C;15kg
207;Colis;Affranchissement Colis 2kg Monde_C;25COLI207;AFFRANCHISSEMENT COLIS 2KG MONDE_C TARIF 2025;201;2025;Monde_C;2kg
208;Colis;Affranchissement Colis 20kg Monde_C;25COLI208;AFFRANCHISSEMENT COLIS 20KG MONDE_C TARIF 2025;245;2025;Monde_C;20kg
209;Timbres;Affranchissement Timbres-Divers / /;25TIMB209;AFFRANCHISSEMENT TIMBRES-DIVERS / / TARIF 2025;0;2025;/;/
210;Courrier;Affranchissement Courrier 20g Monde;25COUR210;AFFRANCHISSEMENT COURRIER 20G MONDE TARIF 2025;2,1;2025;Monde;20g
211;Courrier;Affranchissement Courrier 100g Monde;25COUR211;AFFRANCHISSEMENT COURRIER 100G MONDE TARIF 2025;4,5;2025;Monde;100g
212;Courrier;Affranchissement Courrier 250g Monde;25COUR212;AFFRANCHISSEMENT COURRIER 250G MONDE TARIF 2025;10,8;2025;Monde;250g
213;Courrier;Affranchissement Courrier 500g Monde;25COUR213;AFFRANCHISSEMENT COURRIER 500G MONDE TARIF 2025;15,5;2025;Monde;500g
214;Courrier;Affranchissement Courrier 2kg Monde;25COUR214;AFFRANCHISSEMENT COURRIER 2KG MONDE TARIF 2025;29,5;2025;Monde;2kg
